{"file_hashes":[{"block_hashes":["i4JGg21falOvJFlGwBIH49/b27WBq1WnWKdXKXcIGM4="],"block_size":4096,"path":"_locales/vn/messages.json"},{"block_hashes":["sWpHZzt1X/aS3Ri5B96Z0luA0yC78lJWex70meB1T28=","3HO7e+LVXpK0ZZgyAJ+YzfZFysOagoFiJSKIP16PP1I=","wGm5vGH2NVzC8y0vKeKvPNm21QdOAHlPmCAeaZRVyHM=","Idt5oUNvjC0pi7QdcjEkEqBsgwCKAzZjIt0rs5TLO40=","qElQEGaWdrgGmd6LUzWciAPcDTWehqFIF0d32DTnjQ8=","JqCHg6iv9ANG8/NEloq/n+h8/qk0b+fGHvc8bxWEeI4=","1Kh7uql4frqpnDHxpb9hNT724hb8Gf+u9XmZ1czo+B8=","SQ/wLt3woWk1iktr3y5Mbj/g/d3lt1+gw20+57fVPfo="],"block_size":4096,"path":"background.js"},{"block_hashes":["HpmfUn1Zprvkk/k3z7UjByCw2oVD4nYQGtOriJ3e0ac="],"block_size":4096,"path":"captured.html"},{"block_hashes":["uhhjVQuupj2r8HTOqjA5M0Gw0lxhlLgi2Gq9CeMnnRM=","pD2hWCaRaNdodDMHk0iUa2pL4Dg8v44lwTDJzBmtf2I="],"block_size":4096,"path":"content.js"},{"block_hashes":["NzEMz7ABpogPYPRh2psmcQJvB5Wfu4vdf0QJLFgMtFU="],"block_size":4096,"path":"document.js"},{"block_hashes":["OJb+YYJKUpQ1mqF/t1SWWchLVDMdJFgdZAgfSzNyQE0="],"block_size":4096,"path":"images/dwnlAll.png"},{"block_hashes":["oCLe0k4uK16MA4gQn0YXZHtyqaBlQPQ4sCQ5hao/xD4="],"block_size":4096,"path":"images/headBkgd.gif"},{"block_hashes":["L5TUI5FLWgvBWExSITyo630Sb0f+fyiA1z3CxdoAlAc=","+KRgcR54R2jXElJBVZ1Sgtm+u9s0rXLXzCGjj+GskpQ=","2HR20DovSWX9oOpI37+mOMQ1Gy97EYVTIeG6UBsNtAc=","OI4G2JVsHZAdl6YQSTUwDjjv2QKGf3a0y4C3yRa8Rdw="],"block_size":4096,"path":"images/headTitle.gif"},{"block_hashes":["SnqpFIv/oiDgHqEG367EMqQtjVUAWtprb0e8BY3MalA="],"block_size":4096,"path":"images/logoTonec.gif"},{"block_hashes":["vf0BzDA4n6ZKrYcrhwqIVTBm8bY96rsTTUk4d6TS5X0="],"block_size":4096,"path":"welcome.html"},{"block_hashes":["e1TOTnSHkoDALaiEu1GzAt2wybwCQVYxkGlg7IqS/iY="],"block_size":4096,"path":"welcome.js"}],"version":2}